Txhash,Blockno,UnixTimestamp,DateTime,From,To,ContractAddress,Value_IN(ETH),Value_OUT(ETH),CurrentValue @ $1132.3/Eth,TxnFee(ETH),TxnFee(USD),Historical $Price/Eth,Status,ErrCode,Method,
0x39f55a6803301e99abb18d6cdbda387e0bc08fc1e2b235b00dd253667162da05,15078266,1656967102,2022-07-04 20:38:22,0x39ec004c3513df4ac28ca97f1f09280cdbd769cf,0x70617d5c9e3b7f9afb7b7163bdef19cea989374b,,0,0,0,0.002729665131081240,3.09079982792329,1149.81,,,Collect Reserves,
0x67ae643e33b7b5675ca9229165ede190c27e58ef3a82b02bb1cbbfcaf5292547,15078630,1656972127,2022-07-04 22:02:07,0x39ec004c3513df4ac28ca97f1f09280cdbd769cf,0x70617d5c9e3b7f9afb7b7163bdef19cea989374b,,0,0,0,0.000618556578441906,0.70039161376977,1149.81,,,Pause,
0xce1c008a5f84f6e42e5e6b634878b6c358b0e67c7b75175aee84105902d96f5e,15078632,1656972149,2022-07-04 22:02:29,0x34816b3df346ab26077e32a6749a4e117fea6a0d,0x70617d5c9e3b7f9afb7b7163bdef19cea989374b,,0.01,0,11.323,0.002806084856942460,3.17732988351595,1149.81,,,Mint,
0x9fa4135e3db14646b87682c8896b6e5d7022128b3b07c8827bcbd781b21a378c,15078632,1656972149,2022-07-04 22:02:29,0x2a896169dc090e41e7f18018eef3fe929ad79159,0x70617d5c9e3b7f9afb7b7163bdef19cea989374b,,0.01,0,11.323,0.002806084856942460,3.17732988351595,1149.81,,,Mint,
0x2aeb754edb059c9b45440b46fdb66f20c16a087e67a76a308d09c07dd01dd805,15078632,1656972149,2022-07-04 22:02:29,0x7dc1edfbb5ee7d7c8f1a53b59dcb6e6901928401,0x70617d5c9e3b7f9afb7b7163bdef19cea989374b,,0.01,0,11.323,0.002806084856942460,3.17732988351595,1149.81,,,Mint,
0x214d36a35a5bb287c94ed62d32fe3e074a60dd4c890266b6ba18ba0521e143d5,15078632,1656972149,2022-07-04 22:02:29,0x477336e94655a1fd0b0aa3945f26236f7555fa28,0x70617d5c9e3b7f9afb7b7163bdef19cea989374b,,0.005,0,5.6615,0.002753855455504610,3.11819053226787,1149.81,,,Mint,
0x6c14a72d0765ff64b390a8eed67c8b97d9751380bbace02f67b1e36510a55810,15078633,1656972167,2022-07-04 22:02:47,0x6761bcaf2b2156c058634d9772f07374d6edef1d,0x70617d5c9e3b7f9afb7b7163bdef19cea989374b,,0.01,0,11.323,0.00283412733717232,3.20908238388022,1149.81,,,Mint,
0x247f254619e135cee8f33352eeeeb30c769a4f958172366a971cae97e21f5c30,15078633,1656972167,2022-07-04 22:02:47,0xef6d214466ca88a1d1c1026002d2c1734b6183e3,0x70617d5c9e3b7f9afb7b7163bdef19cea989374b,,0.01,0,11.323,0.00277301383717232,3.13988356783022,1149.81,,,Mint,
0xc02dafce3d7b7e2ea3488a9bf0213782f1060ebbd28239c67767c810a1070659,15078633,1656972167,2022-07-04 22:02:47,0xa1b787e6265a97b13248e5ea04093162865bf808,0x70617d5c9e3b7f9afb7b7163bdef19cea989374b,,0.01,0,11.323,0.00277301383717232,3.13988356783022,1149.81,,,Mint,
0x0eb442449e18862c1575f5278d2b0eb5961b040a14470a49d97e6a39fac40d2c,15078634,1656972188,2022-07-04 22:03:08,0xa5c01e0235363082e3bae5f5f39848ae5bbe6796,0x70617d5c9e3b7f9afb7b7163bdef19cea989374b,,0.01,0,11.323,0.002897313949120090,3.28062858458868,1149.81,,,Mint,
0xa6bd954ae1f53471a3e8b9030ab0e90249fa1371264211a334a99897b8683139,15078635,1656972192,2022-07-04 22:03:12,0xf3cd5d9a0a2b63033a3fe21ccddb1326eacee577,0x70617d5c9e3b7f9afb7b7163bdef19cea989374b,,0.01,0,11.323,0.002750827138841350,3.11476156931006,1149.81,,,Mint,
0x99a08c88a96c51685aa52fba235a2d69866a97e042c63d048b75063691cfc756,15078635,1656972192,2022-07-04 22:03:12,0xbc60fb5bba9e6b3dbf7b59e5a33e0122d7bcab96,0x70617d5c9e3b7f9afb7b7163bdef19cea989374b,,0.01,0,11.323,0.002689713638841350,3.04556275326006,1149.81,,,Mint,
0x73cce5d7eabde247639ce8f2ce01b9b74ca5d37fef829969982d8a1b9ff0688e,15078635,1656972192,2022-07-04 22:03:12,0x907a4b6c43c99740502100323a264b4747f7a112,0x70617d5c9e3b7f9afb7b7163bdef19cea989374b,,0.01,0,11.323,0.002689713638841350,3.04556275326006,1149.81,,,Mint,
0x1f9819d86fa5281f95294abd0fcd0e897c02dc82093f272603a2245dc43f8f37,15078635,1656972192,2022-07-04 22:03:12,0x1edbadabe2a0835143b2df98e10e490028c7eedd,0x70617d5c9e3b7f9afb7b7163bdef19cea989374b,,0.01,0,11.323,0.002689713638841350,3.04556275326006,1149.81,,,Mint,
0xaf94e23a7a10faece622cf9a1634f929bab7683cfe5d557e62b4866012a49f8f,15078635,1656972192,2022-07-04 22:03:12,0xbdb6506254c639cf8672e0a737ab4e9aaa5a7665,0x70617d5c9e3b7f9afb7b7163bdef19cea989374b,,0.01,0,11.323,0.002689713638841350,3.04556275326006,1149.81,,,Mint,
0x06ab2f23de21cba243b76b1bbcf4c4fdf484b8c19713101ced44cd3dc738a2b5,15078635,1656972192,2022-07-04 22:03:12,0xeeb3fae739097ad99695b3a9c0eec6dd604d79db,0x70617d5c9e3b7f9afb7b7163bdef19cea989374b,,0.01,0,11.323,0.002689713638841350,3.04556275326006,1149.81,,,Mint,
0x736d0064baaeae24f6403d392b5293fc7264259fbb851690da8150d9e04b0a02,15078636,1656972226,2022-07-04 22:03:46,0x5de02c8924922b756a79a9e69a7b2e644f0c4a3a,0x70617d5c9e3b7f9afb7b7163bdef19cea989374b,,0.01,0,11.323,0.002968699052108480,3.36145793670243,1149.81,,,Mint,
0x66721aaaadc172b0a9dc8aafed780ad6f0122400f3d2773819422b212ad7d2ee,15078636,1656972226,2022-07-04 22:03:46,0xecf8c381cc3e73e556454772219ea7a5a3e859ca,0x70617d5c9e3b7f9afb7b7163bdef19cea989374b,,0.01,0,11.323,0.002968699052108480,3.36145793670243,1149.81,,,Mint,
0x5e6333e685e013b94658b03847d295507cea083fe8847af267f6af173c4ffdd0,15078636,1656972226,2022-07-04 22:03:46,0xd7f47f4932f65c2bc1650e6f10218a0528543437,0x70617d5c9e3b7f9afb7b7163bdef19cea989374b,,0.01,0,11.323,0.002968699052108480,3.36145793670243,1149.81,,,Mint,
0x8bd4c95d15ceb587e8a334b25febfee958ada36e6f84bd129f69d2714e2cdcd7,15078636,1656972226,2022-07-04 22:03:46,0xf4408b493df70a9857dfe8daef5f4cce4999a761,0x70617d5c9e3b7f9afb7b7163bdef19cea989374b,,0.01,0,11.323,0.002968699052108480,3.36145793670243,1149.81,,,Mint,
0x867d27d4439b8c1dfde1dbe68c3ffb10370435466b18e56714e9ce5cead7e0e5,15078637,1656972237,2022-07-04 22:03:57,0x97a5f2ebafbdb943c0d60a54cfaeb97824690633,0x70617d5c9e3b7f9afb7b7163bdef19cea989374b,,0.01,0,11.323,0.0029026747126468,3.28669857712997,1149.81,,,Mint,
0x8ebf358cf49ee2831d3547f6c9ce8de0631128d19f375b7e9008856951602e53,15078637,1656972237,2022-07-04 22:03:57,0x1eefd206849e3f5f30695759608571f2e44260fb,0x70617d5c9e3b7f9afb7b7163bdef19cea989374b,,0.01,0,11.323,0.0029026747126468,3.28669857712997,1149.81,,,Mint,
0x1771e6f1bbe0ebfd1bf75f39a75ca400dcd72a3df880971623ad833bd0a28b47,15078637,1656972237,2022-07-04 22:03:57,0x02639933dcffc07c0e1274cae61e7160da759b24,0x70617d5c9e3b7f9afb7b7163bdef19cea989374b,,0.01,0,11.323,0.0028415612126468,3.21749976107997,1149.81,,,Mint,
0xb413ef8e99fa6ec6507f928a6597326ef3bf6efe4cbb6796a42e11db721b1fc5,15078640,1656972273,2022-07-04 22:04:33,0xb4749e39035613e0917e6ac4fc97813ae0ee4c2c,0x70617d5c9e3b7f9afb7b7163bdef19cea989374b,,0.01,0,11.323,0.002688522431244450,3.04421394889809,1149.81,,,Mint,
0xebf0f80b65f933748bc25d1c9c4c28bd855f0d64949e22e7590a1c712be1190a,15078642,1656972280,2022-07-04 22:04:40,0x3e4c14918274306db0ffc77e09f349555e20cc54,0x70617d5c9e3b7f9afb7b7163bdef19cea989374b,,0.01,0,11.323,0.00321349583345203,3.63864133221773,1149.81,,,Mint,
0x5c6b9f6ce6d10f44c0ea6499f188169deeb9ac5f638a307d6065f89c952d31af,15078643,1656972327,2022-07-04 22:05:27,0x2a3e0b2d2c85f74f703ad5f89469b62c6879e706,0x70617d5c9e3b7f9afb7b7163bdef19cea989374b,,0.01,0,11.323,0.002759464505115090,3.12454165914182,1149.81,,,Mint,
0xdf9604718f1e7b42e850bde4db7837a00a8e83c2071dfd09154e38b1b0d89a75,15078643,1656972327,2022-07-04 22:05:27,0x470cac5d6f56ca1d0489b73d9031a61b734a5ff4,0x70617d5c9e3b7f9afb7b7163bdef19cea989374b,,0.01,0,11.323,0.002759464505115090,3.12454165914182,1149.81,,,Mint,
0x4098fdef732b48bd0387dff19c505978e12d93a02a14d6f24721e1ffe8b1e785,15078643,1656972327,2022-07-04 22:05:27,0x2d3178af3dfbb679716cc14e245be0a9e5945500,0x70617d5c9e3b7f9afb7b7163bdef19cea989374b,,0.01,0,11.323,0.002698351005115090,3.05534284309182,1149.81,,,Mint,
0x8492181983e0e2b96914dbf6ee38aad1d9e3d34b1e15eef693cc916dce8ff2bf,15078643,1656972327,2022-07-04 22:05:27,0x5dc9a92f4cb4f5d5df1a49e050bbb882b807f586,0x70617d5c9e3b7f9afb7b7163bdef19cea989374b,,0.01,0,11.323,0.002698351005115090,3.05534284309182,1149.81,,,Mint,
0x238be85e91ca50bdf17b0ac0d4039269ec42d8d8b7f19015ab91a3d93594ca07,15078643,1656972327,2022-07-04 22:05:27,0xe9255b2049338fec3ce69bd3ef04d9d8cd91e5bd,0x70617d5c9e3b7f9afb7b7163bdef19cea989374b,,0.01,0,11.323,0.002698351005115090,3.05534284309182,1149.81,,,Mint,
0x7b21fbfa3a17402e7567a926668400c606f6fd0eb62ba77ae80c2012dc392318,15078643,1656972327,2022-07-04 22:05:27,0x3112f2d9c3ec840fd15ebad485608f0b00f652e2,0x70617d5c9e3b7f9afb7b7163bdef19cea989374b,,0.01,0,11.323,0.002698351005115090,3.05534284309182,1149.81,,,Mint,
0x67cd83e3bae5f4b03c25d873ec238e5d44df8efccb95bf5f2d51387273938a42,15078644,1656972335,2022-07-04 22:05:35,0xb761b98e4a80a3b2d899bd5cd7e04288952f614a,0x70617d5c9e3b7f9afb7b7163bdef19cea989374b,,0.01,0,11.323,0.0030123184796649,3.41084821452457,1149.81,,,Mint,
0x58aa972282f24e5d7503f20b13b903a70199a2d01f3fd8d4157d26f265990fac,15078644,1656972335,2022-07-04 22:05:35,0x7eb536a2afb9a19d58ffc6c4742ff70137e6ea29,0x70617d5c9e3b7f9afb7b7163bdef19cea989374b,,0.01,0,11.323,0.0030123184796649,3.41084821452457,1149.81,,,Mint,
0x6c79c9fdc93979861b32eca7852bb44dc96799b532b1bf82933312029540a228,15078644,1656972335,2022-07-04 22:05:35,0xa90adb941c9d8149d6f0294eb0cb075a1b542fd3,0x70617d5c9e3b7f9afb7b7163bdef19cea989374b,,0.01,0,11.323,0.0030123184796649,3.41084821452457,1149.81,,,Mint,
0x2a86bd0bdba4a3e7ed4cfac2cdfb03d20c0dc9ba28db220f409094f682bb7303,15078644,1656972335,2022-07-04 22:05:35,0xed744b64db443f86f05d41d3cdaf5075a735e792,0x70617d5c9e3b7f9afb7b7163bdef19cea989374b,,0.01,0,11.323,0.0029512049796649,3.34164939847457,1149.81,,,Mint,
0xb5a8d2afe5bc01b1b767da5245fa922a65b2712711215dc372e081cc2d8e4ee3,15078644,1656972335,2022-07-04 22:05:35,0xb26fcb9d0bf72f881dcfa9e4eb3b23fb75ae9a15,0x70617d5c9e3b7f9afb7b7163bdef19cea989374b,,0.01,0,11.323,0.0029512049796649,3.34164939847457,1149.81,,,Mint,
0x7d9dd3ef5b24c73796e0882ee57153d693473f5f7567a66a050a0af42e70c329,15078646,1656972339,2022-07-04 22:05:39,0x30e638483eb1655465d5883e87bcef4405ca230e,0x70617d5c9e3b7f9afb7b7163bdef19cea989374b,,0.01,0,11.323,0.002785867614851870,3.15443790029677,1149.81,,,Mint,
0x0dcac5e69a2752f3739ab87d47629928cfcf2cb74547c5b66998c2cbe4662ae5,15078646,1656972339,2022-07-04 22:05:39,0xac9a11a8c01b3505cb0290eeaeac4c19607322b4,0x70617d5c9e3b7f9afb7b7163bdef19cea989374b,,0.005,0,5.6615,0.002674038515096590,3.02781381064387,1149.81,,,Mint,
0x9273580db59bce577f016f6ef533d9d5a4c628eae18ba4cf14328d6ecd8687b8,15078646,1656972339,2022-07-04 22:05:39,0xa40590379f481fdb1096d9e9863434f26e0406b3,0x70617d5c9e3b7f9afb7b7163bdef19cea989374b,,0.01,0,11.323,0.002663640614851870,3.01604026819677,1149.81,,,Mint,
0xb531387ae4e53bed50d94d8da142623dfc47e1384c85d080ceca02f3df174efc,15078647,1656972352,2022-07-04 22:05:52,0xb540b333fd631f8c4bb389c6e81a99dd50c811c4,0x70617d5c9e3b7f9afb7b7163bdef19cea989374b,,0.01,0,11.323,0.002663770152370960,3.01618694352964,1149.81,,,Mint,
0xaa30a825158b40fb2519fb714bb948ea6e647f065b75e157ba8db19aedcea67e,15078647,1656972352,2022-07-04 22:05:52,0x60e74dd8a7c13f754e432c3b401345741b016049,0x70617d5c9e3b7f9afb7b7163bdef19cea989374b,,0.005,0,5.6615,0.002614189641545660,2.96004693112216,1149.81,,,Mint,
0x40e32634c8e1b23960b267cb4269b48d29d37625069d2e657e8df983f1c314e0,15078649,1656972358,2022-07-04 22:05:58,0x7f13384fae8a6735c34b9b29fd1d571db57a7fd9,0x70617d5c9e3b7f9afb7b7163bdef19cea989374b,,0.01,0,11.323,0.002255418900295490,2.55381082080458,1149.81,,,Mint,
0x9f7cae883bce7b2eb8b9a96bf2504aca38176ee8a166e9fcd2dc3fc146e9d6fc,15078651,1656972379,2022-07-04 22:06:19,0xfea95f0ef17cc77aa899e3144c5ad84702442092,0x70617d5c9e3b7f9afb7b7163bdef19cea989374b,,0.01,0,11.323,0.002424605816207320,2.74538116569154,1149.81,,,Mint,
0x2ba6f27f5de346249b789fdddf9d9ac19a4617bff9ccb4f6b8d2a59d7b2422da,15078651,1656972379,2022-07-04 22:06:19,0x8551b7a38ea1773a7ffb8a66398a4db12e1e6f1b,0x70617d5c9e3b7f9afb7b7163bdef19cea989374b,,0.01,0,11.323,0.002424605816207320,2.74538116569154,1149.81,,,Mint,
0x04d77095a8314cd18d3eb388d76edacd6c1dbb26a9ce3c2650b7ce2cb2a79256,15078651,1656972379,2022-07-04 22:06:19,0x2b1f45dd72b278a829f0d047eb7ed8a64ec80d92,0x70617d5c9e3b7f9afb7b7163bdef19cea989374b,,0.01,0,11.323,0.002424605816207320,2.74538116569154,1149.81,,,Mint,
0xaeb17b9335ef06c60dc3402cefc187a5739235f84c39f3917a330637073d43d6,15078653,1656972406,2022-07-04 22:06:46,0x117381c1933893be91779e7d9a68cc53025494b2,0x70617d5c9e3b7f9afb7b7163bdef19cea989374b,,0.01,0,11.323,0.002371009522750270,2.68469408261013,1149.81,,,Mint,
0x7e0180164ad50348c3c6c79608191c3d8e7734921cc81e127652632e4f2754a7,15078654,1656972425,2022-07-04 22:07:05,0x00986813831501fcf993c193aff92e78baf27a65,0x70617d5c9e3b7f9afb7b7163bdef19cea989374b,,0.01,0,11.323,0.002888205717873860,3.27031533434857,1149.81,,,Mint,
0x5d9113bbf1a1df9f1214ef517e156f7a1bd234064a19fe5faa2d9b15c2669832,15078654,1656972425,2022-07-04 22:07:05,0xd7891b8e0086d8c012c837d466a8e1d7c87942db,0x70617d5c9e3b7f9afb7b7163bdef19cea989374b,,0.01,0,11.323,0.002888205717873860,3.27031533434857,1149.81,,,Mint,
0x5de603b36e623d189175a68296c15a031b8d05c13823ab5b2a69615a1b8db1dc,15078654,1656972425,2022-07-04 22:07:05,0x73e243d6dca3523c2584cd6152ee156e0357cba5,0x70617d5c9e3b7f9afb7b7163bdef19cea989374b,,0.01,0,11.323,0.002888205717873860,3.27031533434857,1149.81,,,Mint,
0x5cbd6b486f0f8a1684d0461b2bec7069d0fb67710456391d47fed2d939af5bb5,15078654,1656972425,2022-07-04 22:07:05,0x6308caa8ac2490c0135883b69f844880c348469f,0x70617d5c9e3b7f9afb7b7163bdef19cea989374b,,0.01,0,11.323,0.002888205717873860,3.27031533434857,1149.81,,,Mint,
0xc6ed8f2367bfdb5d7bd4f042647b5e549f2b0e9188bfb94863af1cb43dd7ace5,15078654,1656972425,2022-07-04 22:07:05,0xd031f72d7a3282976855b89c1ca045860d2cb49a,0x70617d5c9e3b7f9afb7b7163bdef19cea989374b,,0.01,0,11.323,0.002869871667873860,3.24955568953357,1149.81,,,Mint,
0xe9898432031f4dec2cc63c20503ed759fff4ac07bd2cbeccd9be73c885a9829a,15078654,1656972425,2022-07-04 22:07:05,0x3a7705efc3c8b81a8da465659341ae6440160ee3,0x70617d5c9e3b7f9afb7b7163bdef19cea989374b,,0.01,0,11.323,0.002869871667873860,3.24955568953357,1149.81,,,Mint,
0x3e648925383a5cf9886d4b42f1598dcd102bc72913efd13ed260c236479ca2ea,15078654,1656972425,2022-07-04 22:07:05,0x8f966edba0040f6e9e3259aee28c58a84f44eec2,0x70617d5c9e3b7f9afb7b7163bdef19cea989374b,,0.01,0,11.323,0.002869871667873860,3.24955568953357,1149.81,,,Mint,
0xafd8ff9f360a81740f1650452040a835bd6014f7a47ad5a38699210856609c55,15078654,1656972425,2022-07-04 22:07:05,0x6e1d841de3269bd6c3adbcb67eb162b965420728,0x70617d5c9e3b7f9afb7b7163bdef19cea989374b,,0.01,0,11.323,0.002869871667873860,3.24955568953357,1149.81,,,Mint,
0x415a28ad8f223064e2584ad2ef062b909597fff44ff09ad32cbe3842b29e6d99,15078654,1656972425,2022-07-04 22:07:05,0x7c02e51a2633e918df5a5f3f3dfd539c5c4cfeef,0x70617d5c9e3b7f9afb7b7163bdef19cea989374b,,0.01,0,11.323,0.002869871667873860,3.24955568953357,1149.81,,,Mint,
0xb92c9e9597da862ad7f68fac42a4e7308cc89f72fb489a5c0b1747e9616fbc94,15078654,1656972425,2022-07-04 22:07:05,0x2335f33f0f88c09db28e6620efadf850cfb4f27b,0x70617d5c9e3b7f9afb7b7163bdef19cea989374b,,0.01,0,11.323,0.002869871667873860,3.24955568953357,1149.81,,,Mint,
0x07747eb3a928329d8ee4e6e60ea6ee01a7c9950e5a5f941a644edd4fcf59a593,15078654,1656972425,2022-07-04 22:07:05,0x2add9f12c54a42a19e74b41c12a541713b2b25e5,0x70617d5c9e3b7f9afb7b7163bdef19cea989374b,,0.01,0,11.323,0.002869871667873860,3.24955568953357,1149.81,,,Mint,
0xbdf9a440f83735c88ff355eb1fe1c9f7a9e8c59b5ae97259f466b18da2a86819,15078654,1656972425,2022-07-04 22:07:05,0x93fb9353a6befed657e35ea94a1958dbc00753dc,0x70617d5c9e3b7f9afb7b7163bdef19cea989374b,,0.01,0,11.323,0.002869871667873860,3.24955568953357,1149.81,,,Mint,
0x81ba2c9183a97dc47fde98a09d97ff7841b7a273e182f0862da57194e6b65d48,15078654,1656972425,2022-07-04 22:07:05,0x4ed470e61bdec94025bd423203f5d459cf60b1ba,0x70617d5c9e3b7f9afb7b7163bdef19cea989374b,,0.01,0,11.323,0.002869871667873860,3.24955568953357,1149.81,,,Mint,
0x37c604757bca010f8207c2fa81b1e5757d4615c528240bd995b06a7137b62189,15078654,1656972425,2022-07-04 22:07:05,0x0aa71bca514615746816d5b37217c7388751a62a,0x70617d5c9e3b7f9afb7b7163bdef19cea989374b,,0.01,0,11.323,0.002869871667873860,3.24955568953357,1149.81,,,Mint,
0xf42256aa92e94a364fc5f98d5a9780bd1f0f5fbfd00cb2ef80f260af0e4006c8,15078654,1656972425,2022-07-04 22:07:05,0xa0313fecea1a9ebdedfc9009aa90a6272156a59f,0x70617d5c9e3b7f9afb7b7163bdef19cea989374b,,0.01,0,11.323,0.002857648967873860,3.23571592632357,1149.81,,,Mint,
0x5e63552c3a07100080459322f8e4841b6b69f16dfd9e3866200b7e4b00e0c52a,15078654,1656972425,2022-07-04 22:07:05,0xa5c2bcb61c0b3a4a54afb0e5e0f56e4b345efe1b,0x70617d5c9e3b7f9afb7b7163bdef19cea989374b,,0.01,0,11.323,0.002857648967873860,3.23571592632357,1149.81,,,Mint,
0x7ca5232e0333e84bd7da56b5421fd3c430dd38987f96847f1becc38db89c5ee1,15078654,1656972425,2022-07-04 22:07:05,0xe4c87cfa1c6bf4bf66d5d14f29470c86a9267f68,0x70617d5c9e3b7f9afb7b7163bdef19cea989374b,,0.01,0,11.323,0.002857648967873860,3.23571592632357,1149.81,,,Mint,
0xa05910075a3a371e534ece55e9d1920cfa72b4b5f2508a0b76f7e03c5efb7efe,15078654,1656972425,2022-07-04 22:07:05,0x8a42f0ab1dcbb65ca290d2b11bd3d88563569070,0x70617d5c9e3b7f9afb7b7163bdef19cea989374b,,0.01,0,11.323,0.002857648967873860,3.23571592632357,1149.81,,,Mint,
0x792e62adc9d82a68d7593719a5895746ea638f0f07d803ab4da5c3773673c1d6,15078654,1656972425,2022-07-04 22:07:05,0x6ce94d8ca061736c24736cd510e319b57c415769,0x70617d5c9e3b7f9afb7b7163bdef19cea989374b,,0.01,0,11.323,0.002857648967873860,3.23571592632357,1149.81,,,Mint,
0xc56bf6a811d3f4a42e72085772b52c73cbe85df414fabe2bf87b93a5778af3ec,15078654,1656972425,2022-07-04 22:07:05,0xcc4ee70b8bc47e91272b88722c8faef45f953f3d,0x70617d5c9e3b7f9afb7b7163bdef19cea989374b,,0.01,0,11.323,0.002857648967873860,3.23571592632357,1149.81,,,Mint,
0xcbc251d8098ca8887f7347a569b04b21ee4b680132cde0fc50547b0a8f4f409f,15078654,1656972425,2022-07-04 22:07:05,0x5ea3806b76997bb770cfa34096c3ca17ce143695,0x70617d5c9e3b7f9afb7b7163bdef19cea989374b,,0.01,0,11.323,0.002857648967873860,3.23571592632357,1149.81,,,Mint,
0xdcc9c8b10168bf3f9d2ee954baafde6b713af3d2a78d3801652c0ec6aaff2413,15078654,1656972425,2022-07-04 22:07:05,0xc0b248fb0b763cb823da5e9eb84f77067b425b3a,0x70617d5c9e3b7f9afb7b7163bdef19cea989374b,,0.01,0,11.323,0.002857648967873860,3.23571592632357,1149.81,,,Mint,
0x0132b37a7b74322a81660f27ed5bdd922e0989d5d6dd1a14beb17b62690227de,15078654,1656972425,2022-07-04 22:07:05,0x14d7040c87047700edaec895290267761f5fdc60,0x70617d5c9e3b7f9afb7b7163bdef19cea989374b,,0.01,0,11.323,0.002857648967873860,3.23571592632357,1149.81,,,Mint,
0x32edf18411c5bb34aad4317aea3cdb42569a0a96c3856095a7e2ad2bf6d18e9f,15078654,1656972425,2022-07-04 22:07:05,0x66c431fd18f763343696dd2eb2a0f3c837b64709,0x70617d5c9e3b7f9afb7b7163bdef19cea989374b,,0.01,0,11.323,0.002857648967873860,3.23571592632357,1149.81,,,Mint,
0xc6949324852119f07c89e1979453d68bff81ba68aac9194d6687fa8ba54374dd,15078654,1656972425,2022-07-04 22:07:05,0xdae6937beefb18c940a8769b1f44955705e4dde4,0x70617d5c9e3b7f9afb7b7163bdef19cea989374b,,0,0,0,0.000996495981319346,1.1283323996479,1149.81,Error(0),execution reverted,Mint,
0xe3235fad5295d84416ad8eeb94a2cce51d0c861b483fefbef2faf1e6f26db0a3,15078654,1656972425,2022-07-04 22:07:05,0xa972bbc1d0f3577f6986c9a12946710cb1032ea6,0x70617d5c9e3b7f9afb7b7163bdef19cea989374b,,0,0,0,0.000996495981319346,1.1283323996479,1149.81,Error(0),execution reverted,Mint,
0xe0c28b737af962ecde93919bd7d14fe4a49a9415c6dd398460ed3827f58b6104,15078654,1656972425,2022-07-04 22:07:05,0x56ba0ba98e5bcde0f9be312dc88f897536132d81,0x70617d5c9e3b7f9afb7b7163bdef19cea989374b,,0,0,0,0.000996495981319346,1.1283323996479,1149.81,Error(0),execution reverted,Mint,
0xc01e9d521a3bc26cb284723f4dce8f468abe967f3f16e434de9fe74505ff56ee,15078654,1656972425,2022-07-04 22:07:05,0xdae6937beefb18c940a8769b1f44955705e4dde4,0x70617d5c9e3b7f9afb7b7163bdef19cea989374b,,0,0,0,0.000996495981319346,1.1283323996479,1149.81,Error(0),execution reverted,Mint,
0xa51c0be6a41e2505b7effdf1655bafc995aab8e9a60c58acb21bf08f7deb52c1,15078654,1656972425,2022-07-04 22:07:05,0xdae6937beefb18c940a8769b1f44955705e4dde4,0x70617d5c9e3b7f9afb7b7163bdef19cea989374b,,0,0,0,0.000996495981319346,1.1283323996479,1149.81,Error(0),execution reverted,Mint,
0x4c93905c0640ed8c2d1e570af6db8c6fde4c7466c98e226544ff56eb8d077c84,15078654,1656972425,2022-07-04 22:07:05,0x56ba0ba98e5bcde0f9be312dc88f897536132d81,0x70617d5c9e3b7f9afb7b7163bdef19cea989374b,,0,0,0,0.000996495981319346,1.1283323996479,1149.81,Error(0),execution reverted,Mint,
0x8429bdeed4c4239fb32536c2175b3cc646010c3395072f90ec3dd2c84acb60c4,15078654,1656972425,2022-07-04 22:07:05,0xa972bbc1d0f3577f6986c9a12946710cb1032ea6,0x70617d5c9e3b7f9afb7b7163bdef19cea989374b,,0,0,0,0.000996495981319346,1.1283323996479,1149.81,Error(0),execution reverted,Mint,
0xbdb3dd1414b55d4126bc27acefcf3bc2074f17cddd413235ffa7fd440ba477e9,15078654,1656972425,2022-07-04 22:07:05,0xa972bbc1d0f3577f6986c9a12946710cb1032ea6,0x70617d5c9e3b7f9afb7b7163bdef19cea989374b,,0,0,0,0.000996495981319346,1.1283323996479,1149.81,Error(0),execution reverted,Mint,
0x849ff467f6cdf4b16d6ddbda1f2ef64a40d342fa1dbb7b94bbcd4e20d2dd88ed,15078654,1656972425,2022-07-04 22:07:05,0x56ba0ba98e5bcde0f9be312dc88f897536132d81,0x70617d5c9e3b7f9afb7b7163bdef19cea989374b,,0,0,0,0.000996495981319346,1.1283323996479,1149.81,Error(0),execution reverted,Mint,
0xdef03925ae2e6223e54de6929a3b1a78dcea932ebcbec5aa5e5040222a6ccef7,15078654,1656972425,2022-07-04 22:07:05,0x11065895c4c25ed56d6303bc8848c068411c8cff,0x70617d5c9e3b7f9afb7b7163bdef19cea989374b,,0.01,0,11.323,0.002857648967873860,3.23571592632357,1149.81,,,Mint,
0xdbcc9ca93357c908d0196cf466b03a52ce5528fdd839d760f5e23e144e078024,15078654,1656972425,2022-07-04 22:07:05,0x1d5e9dc2f753e9cfb525415cb02fdb2c2ac562b6,0x70617d5c9e3b7f9afb7b7163bdef19cea989374b,,0.01,0,11.323,0.002735421967873860,3.09731829422357,1149.81,,,Mint,
0x02e2cde250a5bef354e188a2f92574cc6fb71d6426ab8b6001ac0ca70b553661,15078654,1656972425,2022-07-04 22:07:05,0xe71ce0644a77252f9e0bf3da84bc13fa6072ab4c,0x70617d5c9e3b7f9afb7b7163bdef19cea989374b,,0.01,0,11.323,0.002490967967873860,2.82052303002357,1149.81,,,Mint,
0x53bcf654ae89fe1b2f3b4a41ab1ac0ea1d89b5918feaf15a6398f8dbd6f45350,15078654,1656972425,2022-07-04 22:07:05,0x80a15cdb60035f96e447392509fac8f9bc63c8bb,0x70617d5c9e3b7f9afb7b7163bdef19cea989374b,,0.01,0,11.323,0.002490967967873860,2.82052303002357,1149.81,,,Mint,
0x63e1cc5b6b84dc86e806f158a172832250625a8ad40559bb818cf747ff5ef7b4,15078654,1656972425,2022-07-04 22:07:05,0x4d5373f04fad358fa26ea2cb2a08472493cfb089,0x70617d5c9e3b7f9afb7b7163bdef19cea989374b,,0.01,0,11.323,0.002490967967873860,2.82052303002357,1149.81,,,Mint,
0xd6940d3f7076cc75260036333490aa8b7ec52dd40d235134945d70b4c9abd702,15078654,1656972425,2022-07-04 22:07:05,0x9a16b7f76153683a1f8d034732b00e56ef468adc,0x70617d5c9e3b7f9afb7b7163bdef19cea989374b,,0.01,0,11.323,0.002490967967873860,2.82052303002357,1149.81,,,Mint,
0xa9fa801c590ba0eb169762d2466e38ebbfec3ad5fbcc16067d79505f54ff95ae,15078654,1656972425,2022-07-04 22:07:05,0xd35dcbef197c49f1f1ff84e3bf1791d987fc6e2f,0x70617d5c9e3b7f9afb7b7163bdef19cea989374b,,0.01,0,11.323,0.002490967967873860,2.82052303002357,1149.81,,,Mint,
0x261f63efe3f120d4cf50b63bbe01de5459bff8e69a1e1c32c8c2e1495399f97d,15078654,1656972425,2022-07-04 22:07:05,0xbf61bdda744038f20945baa544caac35ce9dcbed,0x70617d5c9e3b7f9afb7b7163bdef19cea989374b,,0.01,0,11.323,0.002490967967873860,2.82052303002357,1149.81,,,Mint,
0x7d12eeb27f59e8cb7d73c0d0529a8f1ecf811adf28e1fbf24ae3ed68b7a42341,15078654,1656972425,2022-07-04 22:07:05,0xa733d56ad3a24161b48034b058e500f77bba69ce,0x70617d5c9e3b7f9afb7b7163bdef19cea989374b,,0.01,0,11.323,0.002490967967873860,2.82052303002357,1149.81,,,Mint,
0xdfc60f19db39007fc2bdc5fc9fb88311871b76c8d52e6cd4eee42f914910c3dc,15078654,1656972425,2022-07-04 22:07:05,0xfaee4108800e13ac5de7faadf83031a262f39945,0x70617d5c9e3b7f9afb7b7163bdef19cea989374b,,0.01,0,11.323,0.002490967967873860,2.82052303002357,1149.81,,,Mint,
0xf594b22a0b9d0c1e546f06552c5edc62152c643262d068c4a814a40b99248034,15078654,1656972425,2022-07-04 22:07:05,0x007bead08df370a5ceb341d608128e4250e06d81,0x70617d5c9e3b7f9afb7b7163bdef19cea989374b,,0.01,0,11.323,0.002490967967873860,2.82052303002357,1149.81,,,Mint,
0x84be24c57f1f76ca57f3133d63f16e256c722e15c038438141446618c8a4a13a,15078654,1656972425,2022-07-04 22:07:05,0x18977a54f785c7b98c4a9b0c1c3b72fe97ee171e,0x70617d5c9e3b7f9afb7b7163bdef19cea989374b,,0.01,0,11.323,0.002490967967873860,2.82052303002357,1149.81,,,Mint,
0x573345b20bcf72e737b997134290ed12e34ecc9c9ded5953842bfa9b3c165961,15078654,1656972425,2022-07-04 22:07:05,0x893ef19b7c39acbf74b4ea429a7abd6294eb12cf,0x70617d5c9e3b7f9afb7b7163bdef19cea989374b,,0.01,0,11.323,0.002490967967873860,2.82052303002357,1149.81,,,Mint,
0x83307fe0244695eb73c966e86676ccf5bf91e945b8aab1e97a9f6a85cbd15ed9,15078654,1656972425,2022-07-04 22:07:05,0x36dc0ca6d2b5529ff2df460a1aec01b1f1e31768,0x70617d5c9e3b7f9afb7b7163bdef19cea989374b,,0.01,0,11.323,0.002490967967873860,2.82052303002357,1149.81,,,Mint,
0x9e7225cc40342c18b42d66d124e9cb991fcb66082414858927628ad6d89b9bd6,15078654,1656972425,2022-07-04 22:07:05,0xe3845e7cfb050331640daf67e555f1cf7a497818,0x70617d5c9e3b7f9afb7b7163bdef19cea989374b,,0.01,0,11.323,0.002490967967873860,2.82052303002357,1149.81,,,Mint,
0x77e85422ea9e63cdb08b88ec29662a6e1113e8badb11cec7cd092f3ab6d10d48,15078654,1656972425,2022-07-04 22:07:05,0x295aab6060a6f4a63414bac65155f1d3b73f3d0a,0x70617d5c9e3b7f9afb7b7163bdef19cea989374b,,0.01,0,11.323,0.002490967967873860,2.82052303002357,1149.81,,,Mint,
0xa9654e712745a4583b0a024aea900bb60187ed92aa0d2876c191686925b9bf07,15078654,1656972425,2022-07-04 22:07:05,0x041a7e2bb9b2c7f38d9d39102a509bee9b3aa1b1,0x70617d5c9e3b7f9afb7b7163bdef19cea989374b,,0.01,0,11.323,0.002490967967873860,2.82052303002357,1149.81,,,Mint,
0x7e2b032211e24d985b05b6cd91d846cb96d39fe31a4cdfb968dc13571ba3905b,15078654,1656972425,2022-07-04 22:07:05,0x9747914a7285e8fce374f14ff64226be59c2dffd,0x70617d5c9e3b7f9afb7b7163bdef19cea989374b,,0.01,0,11.323,0.002490967967873860,2.82052303002357,1149.81,,,Mint,
0x69cc432e37e65970d074a70de9fea8e17402b952a281e0ddd861f45b11a0be1a,15078655,1656972439,2022-07-04 22:07:19,0x5b07c9e12b524cb0ab624c58b5a2f6799b470915,0x70617d5c9e3b7f9afb7b7163bdef19cea989374b,,0.01,0,11.323,0.003094849027777390,3.50429755415234,1149.81,,,Mint,
0xae41a11957433a41b6e1837d81893426ff8c0179fe15f3036ea255f04581d393,15078655,1656972439,2022-07-04 22:07:19,0x2de1293d3bfeee6f205cb0d1e7445d19590d758d,0x70617d5c9e3b7f9afb7b7163bdef19cea989374b,,0.01,0,11.323,0.002636497777777390,2.98530643377734,1149.81,,,Mint,
0x757f8684ff4ce1c3f4e91d95a533a3635359d0c5360de2db1337e9ef8ed1551c,15078655,1656972439,2022-07-04 22:07:19,0x87933405d041141e3564cdd7a2d4b62411e76e89,0x70617d5c9e3b7f9afb7b7163bdef19cea989374b,,0.01,0,11.323,0.002636497777777390,2.98530643377734,1149.81,,,Mint,
0xb6d4152f9b212c6c30cb0a84065a3817ccb0e98f585f68fef8823d82377f45b1,15078655,1656972439,2022-07-04 22:07:19,0xf807f1d0ee1b4ad27c9581f6ad043686f957bbdd,0x70617d5c9e3b7f9afb7b7163bdef19cea989374b,,0.01,0,11.323,0.002636497777777390,2.98530643377734,1149.81,,,Mint,
0xf1b89aeafe2d98d02c73a72c9293397154e859bd5114089962b592884f5ad950,15078655,1656972439,2022-07-04 22:07:19,0x2ed3178ab0566b81cae5b504f1a38bc5d18d719c,0x70617d5c9e3b7f9afb7b7163bdef19cea989374b,,0.01,0,11.323,0.002575384277777390,2.91610761772734,1149.81,,,Mint,
0x0b3c96c30c46c8c68eb2231799bd9dd71ea21cc94085a31e6850087a4b67c37a,15078656,1656972443,2022-07-04 22:07:23,0xa2c3617637b821362a24eda49ba2f331c0fe53b3,0x70617d5c9e3b7f9afb7b7163bdef19cea989374b,,0.01,0,11.323,0.003215387012465940,3.64078271421518,1149.81,,,Mint,
0x8d2b9fdb42cf1918d6d6fcfd5761f6daa47919b885aa69f558779ed0b7be71cb,15078656,1656972443,2022-07-04 22:07:23,0xdd05d5f2e9e6a1c50d69d2f4b87785ae91bea47e,0x70617d5c9e3b7f9afb7b7163bdef19cea989374b,,0.01,0,11.323,0.003183302424965940,3.60445333578893,1149.81,,,Mint,
0xa1b3ba3ffa952362833d0caf5d95534d24f5ab1d4eccc5d2fbff167885aebaeb,15078656,1656972443,2022-07-04 22:07:23,0x4e140b7c76172de5ded6dbf2ed7bd0efb1c25cdd,0x70617d5c9e3b7f9afb7b7163bdef19cea989374b,,0.01,0,11.323,0.003183302424965940,3.60445333578893,1149.81,,,Mint,
0x0f8f4193ee70f81cf6ac8e75d083f4f0081a5173dbbecc41080921890e16c97f,15078656,1656972443,2022-07-04 22:07:23,0x3d257b70e9770443c76634411da5789b3c6eb2e4,0x70617d5c9e3b7f9afb7b7163bdef19cea989374b,,0.01,0,11.323,0.003183302424965940,3.60445333578893,1149.81,,,Mint,
0x28dcaec8e45bb3fdcf287abcbe4306363313fa037091a2209cb13dd97f660c45,15078656,1656972443,2022-07-04 22:07:23,0x5e07273ed012cd1f8248e073364921dc1e7f9443,0x70617d5c9e3b7f9afb7b7163bdef19cea989374b,,0.01,0,11.323,0.003183302424965940,3.60445333578893,1149.81,,,Mint,
0xb2bc860ffb738a3589424e539e55e41e1e5152337bfe40a5ef3c2dd7e6a19df5,15078656,1656972443,2022-07-04 22:07:23,0x1ad24dd02a36fc3e4ab2644a369835c6cc995c04,0x70617d5c9e3b7f9afb7b7163bdef19cea989374b,,0.01,0,11.323,0.000871855089122368,0.987201517413257,1149.81,Error(0),execution reverted,Mint,
0xbea308514a9a39700380ccade20de14882e25672d2433895e048cdaf2b1fe1db,15078656,1656972443,2022-07-04 22:07:23,0x311f237d9461424ffe88e030e812593166d8433d,0x70617d5c9e3b7f9afb7b7163bdef19cea989374b,,0.01,0,11.323,0.000871855089122368,0.987201517413257,1149.81,Error(0),execution reverted,Mint,
0x4bfe2d633a18717fe79f603e5feec6f2b0631d5f16dbc77f48e075a11ec8be65,15078656,1656972443,2022-07-04 22:07:23,0xe6b953ab1e4f5d503d331bddc4cb84c0a098efb1,0x70617d5c9e3b7f9afb7b7163bdef19cea989374b,,0.01,0,11.323,0.000871855089122368,0.987201517413257,1149.81,Error(0),execution reverted,Mint,
0x3d191c60dcf5088a539723d4e77980bc9d89cb58778c8043dfa4bef7a0117efb,15078656,1656972443,2022-07-04 22:07:23,0xba023350685a0b16edc9bfe45a52e4eaab167085,0x70617d5c9e3b7f9afb7b7163bdef19cea989374b,,0.01,0,11.323,0.000871855089122368,0.987201517413257,1149.81,Error(0),execution reverted,Mint,
0x4d8df7ad4e426ebc5f26fd1c2194865b5f246122190e5ea5d0f04e666cfaa55d,15078656,1656972443,2022-07-04 22:07:23,0x617165d7e8b36a554cbb5011d160224db8952f4f,0x70617d5c9e3b7f9afb7b7163bdef19cea989374b,,0.01,0,11.323,0.000871855089122368,0.987201517413257,1149.81,Error(0),execution reverted,Mint,
0x9e1db83c7e051210dcc09622f7c4086256e73a7741148f244aefb15992247e77,15078656,1656972443,2022-07-04 22:07:23,0x45155bb4cae872ebf588e371038209acc8643e42,0x70617d5c9e3b7f9afb7b7163bdef19cea989374b,,0.01,0,11.323,0.000871855089122368,0.987201517413257,1149.81,Error(0),execution reverted,Mint,
0x3d8ab10030ef6f24d0d89e929235c00c8e0945f8cf370d6419e6db7c5d098bc3,15078656,1656972443,2022-07-04 22:07:23,0x1635e79a3f37240fd0b2ac686ad2c39bc32a9c9e,0x70617d5c9e3b7f9afb7b7163bdef19cea989374b,,0.01,0,11.323,0.000871855089122368,0.987201517413257,1149.81,Error(0),execution reverted,Mint,
0x4b6223205c15456c80f6f4902b5f2acc8f2b3d2e3951aeae5a9e02c9b63ddcb6,15078656,1656972443,2022-07-04 22:07:23,0xc46dd747da2db5106c957d189e8e64391fe15645,0x70617d5c9e3b7f9afb7b7163bdef19cea989374b,,0.01,0,11.323,0.000871855089122368,0.987201517413257,1149.81,Error(0),execution reverted,Mint,
0xb032194476e009312e77a735fc34ca63a8e9e8e4d0448da7583fcd4aee6f75f0,15078656,1656972443,2022-07-04 22:07:23,0x343cc300283b41da727aaea69ae28805ff0186a8,0x70617d5c9e3b7f9afb7b7163bdef19cea989374b,,0.01,0,11.323,0.000871855089122368,0.987201517413257,1149.81,Error(0),execution reverted,Mint,
0xa8fdb5dc33cd6b685e65b6baaeab4fe28b091733289ea65c710c4af6190b5988,15078656,1656972443,2022-07-04 22:07:23,0x3bf0c52e32e2be93309ca6a8baa9384005e55f2e,0x70617d5c9e3b7f9afb7b7163bdef19cea989374b,,0.01,0,11.323,0.000871855089122368,0.987201517413257,1149.81,Error(0),execution reverted,Mint,
0x30b9311a6be3b3857bdf833f4d1679c5ca56cdc17759ac894efd79fe6d2df880,15078656,1656972443,2022-07-04 22:07:23,0xf8db0bf1e2e6653c085ccd6f7eb21523d9123e14,0x70617d5c9e3b7f9afb7b7163bdef19cea989374b,,0.01,0,11.323,0.000871855089122368,0.987201517413257,1149.81,Error(0),execution reverted,Mint,
0xe1eb04ba7e740587a99c299e3773c1dd536de75d4779a43db198aae230f1519c,15078656,1656972443,2022-07-04 22:07:23,0x0bad96d27d04d60b1b945562af6f5b407c6dc9ac,0x70617d5c9e3b7f9afb7b7163bdef19cea989374b,,0.01,0,11.323,0.000871855089122368,0.987201517413257,1149.81,Error(0),execution reverted,Mint,
0xa244939004e471c9c90542babb50b75913536296befc6e668fd06557c7ed62cc,15078656,1656972443,2022-07-04 22:07:23,0x41d9f9298aa571ffd425e963b0df891c18788baf,0x70617d5c9e3b7f9afb7b7163bdef19cea989374b,,0.01,0,11.323,0.000871855089122368,0.987201517413257,1149.81,Error(0),execution reverted,Mint,
0xf3a02e98f95dc0f001fe3e944c6b7ceb25f64a14a62fcdd2a52b199d21790a80,15078656,1656972443,2022-07-04 22:07:23,0x88e0b2a9e2b877c32fa279681a8c833cc7e6ff6e,0x70617d5c9e3b7f9afb7b7163bdef19cea989374b,,0.01,0,11.323,0.000871855089122368,0.987201517413257,1149.81,Error(0),execution reverted,Mint,
0x087f74a17c618f5473d7df31dc5229d9525209f9a7fe55d1f1cef4947665fea5,15078656,1656972443,2022-07-04 22:07:23,0x9070e24cec13f658d495fc710864a3fc7c353a90,0x70617d5c9e3b7f9afb7b7163bdef19cea989374b,,0.01,0,11.323,0.000871855089122368,0.987201517413257,1149.81,Error(0),execution reverted,Mint,
0xb659229f0b3458957b50730687ad1f7ffcd38039888f624dd08bd18db93c49a9,15078656,1656972443,2022-07-04 22:07:23,0x63417d89f7c491371bbd633a33546b6df0a26692,0x70617d5c9e3b7f9afb7b7163bdef19cea989374b,,0.01,0,11.323,0.000871855089122368,0.987201517413257,1149.81,Error(0),execution reverted,Mint,
0x22366f962f444fbb688180e977839c47f965954fc9324ff55cb6d6ed6d41218e,15078656,1656972443,2022-07-04 22:07:23,0x1fa6071369cb2ea2f457bc66d44124d510e4cbdd,0x70617d5c9e3b7f9afb7b7163bdef19cea989374b,,0.01,0,11.323,0.000871855089122368,0.987201517413257,1149.81,Error(0),execution reverted,Mint,
0x3867f5791241b0201d79f32333e9be27ce15823d03b771274fd6de8810443b42,15078656,1656972443,2022-07-04 22:07:23,0x37cac1ed97bc8e37e3500fb9d836a3ad2d38e1a6,0x70617d5c9e3b7f9afb7b7163bdef19cea989374b,,0.01,0,11.323,0.000871855089122368,0.987201517413257,1149.81,Error(0),execution reverted,Mint,
0x6a57e9cf79fe1446d4a80869887a92a5a738ec20619e9ea8c035976392db14eb,15078656,1656972443,2022-07-04 22:07:23,0xcbfc848d35429c89316bdfe43d8b0a4a22446fcd,0x70617d5c9e3b7f9afb7b7163bdef19cea989374b,,0.01,0,11.323,0.000871855089122368,0.987201517413257,1149.81,Error(0),execution reverted,Mint,
0x78395788f2b7684ef8bf38415c58870a62bde4c2735bac400b589c6bdfd4efbc,15078656,1656972443,2022-07-04 22:07:23,0xefcf4f590b8696124cc0cc16db7f1df3afb65a31,0x70617d5c9e3b7f9afb7b7163bdef19cea989374b,,0.01,0,11.323,0.000863486089122368,0.977725298713257,1149.81,Error(0),execution reverted,Mint,
0x098edbd0ba58d1cb101864e862b7e895c896bb9200683633ec4e1e0fbc34170d,15078656,1656972443,2022-07-04 22:07:23,0xca7c6d44a90899d33d0b56046af84bc420ec8153,0x70617d5c9e3b7f9afb7b7163bdef19cea989374b,,0.01,0,11.323,0.000863486089122368,0.977725298713257,1149.81,Error(0),execution reverted,Mint,
0x61f4ac188e0c94092c9650be59a32fcfd9d21699828da4484fa0ba7dec0e72ce,15078656,1656972443,2022-07-04 22:07:23,0x734cd106e18a334fb2eccce8ceb2e53610aadf29,0x70617d5c9e3b7f9afb7b7163bdef19cea989374b,,0.01,0,11.323,0.000796534089122368,0.901915549113257,1149.81,Error(0),execution reverted,Mint,
0x057a4852d22bdc69940bdcd205b1a6a039a4c6c3329321ba9d6ee82fee4d3d30,15078656,1656972443,2022-07-04 22:07:23,0x65d45cbcd79ca22384fd93ce057f4136ec94cdd2,0x70617d5c9e3b7f9afb7b7163bdef19cea989374b,,0.01,0,11.323,0.000796534089122368,0.901915549113257,1149.81,Error(0),execution reverted,Mint,
0x9f79a3ce2e26db0e0c8d09b06d9897fbe1064f32a3b973c91c8468e6cb6d6762,15078656,1656972443,2022-07-04 22:07:23,0x87d9bee643e2a8d851e56ff4636f6d187a2b585e,0x70617d5c9e3b7f9afb7b7163bdef19cea989374b,,0.01,0,11.323,0.000746320089122368,0.845058236913257,1149.81,Error(0),execution reverted,Mint,
0x85eca765f2398bf6c7960298072a6f187a179bbcb5f313ac569be82a1e64d560,15078656,1656972443,2022-07-04 22:07:23,0x338fcaa43449cffbf856320f6064a0490a9b07dc,0x70617d5c9e3b7f9afb7b7163bdef19cea989374b,,0.01,0,11.323,0.000746320089122368,0.845058236913257,1149.81,Error(0),execution reverted,Mint,
0x176dab1748c50d0c0b423c8c469e11c92ecac5f2fa11904d158287ced15162d5,15078656,1656972443,2022-07-04 22:07:23,0x0ae7a2f4f0c0e61940039ed84e4ad928213fbb9c,0x70617d5c9e3b7f9afb7b7163bdef19cea989374b,,0.01,0,11.323,0.000746320089122368,0.845058236913257,1149.81,Error(0),execution reverted,Mint,
0xf6e948c180ae1c6ee4f69e97bb37b64099c974fa7102aa9f927f3b38dc5c7e5e,15078657,1656972452,2022-07-04 22:07:32,0x904959e88a5db415dd428085231d1354cfc8db7b,0x70617d5c9e3b7f9afb7b7163bdef19cea989374b,,0.01,0,11.323,0.001218497677324190,1.37970492003418,1149.81,Error(0),execution reverted,Mint,
0x358e90bacd1b4d8cb4a25fb2bf9a956f251f5e14ef757d7cc533a0f58eea2c4c,15078657,1656972452,2022-07-04 22:07:32,0x14da5709bd8039571867022fa2d9c80de8525ba8,0x70617d5c9e3b7f9afb7b7163bdef19cea989374b,,0.01,0,11.323,0.000892106677324192,1.01013239073418,1149.81,Error(0),execution reverted,Mint,
0x2da0df1e9275f8ef6720a580dd1e4d37b815555cb462a57d4b209dd0a027f03e,15078657,1656972452,2022-07-04 22:07:32,0x270b088cd6f07b92043454851d98303017d3ad05,0x70617d5c9e3b7f9afb7b7163bdef19cea989374b,,0.01,0,11.323,0.000892106677324192,1.01013239073418,1149.81,Error(0),execution reverted,Mint,
0x27c14d28bf8002e76765265be896bc6ccfa80fecd6d421bfa384de1749aa1d45,15078658,1656972459,2022-07-04 22:07:39,0x02ad363decf9718c2b99af621295c84d26752325,0x70617d5c9e3b7f9afb7b7163bdef19cea989374b,,0.01,0,11.323,0.000854530224914824,0.967584573671055,1149.81,Error(0),execution reverted,Mint,
0x961a7efdf6a194dba625b5020054f26b15752201546d99dc825965b3979a3072,15078658,1656972459,2022-07-04 22:07:39,0x8c43a15297a3b5e7802366daa4eb677cdbc29a14,0x70617d5c9e3b7f9afb7b7163bdef19cea989374b,,0.01,0,11.323,0.000812685224914824,0.920203480171055,1149.81,Error(0),execution reverted,Mint,
0x101d5bd3929e282c578af55ccea3ef8485b00bf03d1ac9aa52f792b2b2193b35,15078658,1656972459,2022-07-04 22:07:39,0xf937989198c409c7d8c4f3f02dbf1fa5e59bae4a,0x70617d5c9e3b7f9afb7b7163bdef19cea989374b,,0.01,0,11.323,0.000728995224914824,0.825441293171055,1149.81,Error(0),execution reverted,Mint,
0xd01c73eff7b08eb15fc599f2b2206117618dab6be54cebb7cfd653b3c926709c,15078658,1656972459,2022-07-04 22:07:39,0xb54842ed600d0a7524e8fd24ff0b29b24f6e30d7,0x70617d5c9e3b7f9afb7b7163bdef19cea989374b,,0.005,0,5.6615,0.002612153041551650,2.95774088894893,1149.81,,,Mint,
0xbd42fe5f43b1abb18ad3004db4efb875a541109532dc044426ee429dda7588af,15078658,1656972459,2022-07-04 22:07:39,0xd9e0dd027269cc23180dfa0ab911edffcaa65e81,0x70617d5c9e3b7f9afb7b7163bdef19cea989374b,,0.005,0,5.6615,0.000728995224914824,0.825441293171055,1149.81,Error(0),execution reverted,Mint,
0xe96e382892ca59581165ecbbaee95f520faa56f3992714a324930ca7f2eb908e,15078658,1656972459,2022-07-04 22:07:39,0xd44a65d6770213d8a68aad1588332a1fe38b106d,0x70617d5c9e3b7f9afb7b7163bdef19cea989374b,,0.005,0,5.6615,0.000728995224914824,0.825441293171055,1149.81,Error(0),execution reverted,Mint,
0x82187d9976ada621a75e1402156f3da77f5e826af4e7dab8a6d0289a348141a9,15078658,1656972459,2022-07-04 22:07:39,0xac9a11a8c01b3505cb0290eeaeac4c19607322b4,0x70617d5c9e3b7f9afb7b7163bdef19cea989374b,,0.005,0,5.6615,0.000728995224914824,0.825441293171055,1149.81,Error(0),execution reverted,Mint,
0x7ac44de909314e877b738fd1875484acd958a1cd6ce8c47d2447e0463b1180e1,15078659,1656972482,2022-07-04 22:08:02,0x59ea116a8ceca5ad69d05d4938fb10c9c7c75eb4,0x70617d5c9e3b7f9afb7b7163bdef19cea989374b,,0.005,0,5.6615,0.0007767261024771,0.87948696583482,1149.81,Error(0),execution reverted,Mint,
0xb835c52acd098cb9399f865004c7208abf3df10451d2d9e7508fcb00b8f30312,15078659,1656972482,2022-07-04 22:08:02,0xe425fbdda869433db7a123f55d1aa476947e8040,0x70617d5c9e3b7f9afb7b7163bdef19cea989374b,,0.005,0,5.6615,0.0007767261024771,0.87948696583482,1149.81,Error(0),execution reverted,Mint,
0xe2aa3df4363bb5b80d9a10ea032b5b464f1a80a891e367f3c2c22c21ac654ccb,15078661,1656972495,2022-07-04 22:08:15,0xe9255b2049338fec3ce69bd3ef04d9d8cd91e5bd,0x70617d5c9e3b7f9afb7b7163bdef19cea989374b,,0,0,0,0.001088263337081510,1.23224057657739,1149.81,,,Set Approval For All,
0x425cda47163e0cc9fadd69d68b550cfd4181db6a6d0b27e9d514a0549514202c,15078662,1656972530,2022-07-04 22:08:50,0x843d1fb72b95ff923fd3fdfa677389af81b05b7c,0x70617d5c9e3b7f9afb7b7163bdef19cea989374b,,0.01,0,11.323,0.000912245434935824,1.03293550597783,1149.81,Error(0),execution reverted,Mint,
0x4d8fbd089f61961ab0288664627faa105c823597e47743f5ce92a13da3cb648b,15078669,1656972589,2022-07-04 22:09:49,0x4864737a400b48bdda8f817a5ca45bd8c44a2f7e,0x70617d5c9e3b7f9afb7b7163bdef19cea989374b,,0.01,0,11.323,0.000670199482524552,0.75886687406255,1149.81,Error(0),execution reverted,Mint,
0x43142a6f6f8c8a706d7491bf77056e6e0c82510f060e3a699c739927100bebb1,15078669,1656972589,2022-07-04 22:09:49,0xfea95f0ef17cc77aa899e3144c5ad84702442092,0x70617d5c9e3b7f9afb7b7163bdef19cea989374b,,0,0,0,0.000852081943087476,0.964812384157949,1149.81,,,Set Approval For All,
0x4c00dc32f10b5c5593782bf44c348b39ca56abdce6bbf58b3da1e080163094df,15078669,1656972589,2022-07-04 22:09:49,0x470cac5d6f56ca1d0489b73d9031a61b734a5ff4,0x70617d5c9e3b7f9afb7b7163bdef19cea989374b,,0,0,0,0.000802743943087476,0.908946966757949,1149.81,,,Set Approval For All,
0x94f94ae215826dcef8f9207fe7f556d2b72ef8a4008ab6eebe267ddaa40b7eec,15078671,1656972623,2022-07-04 22:10:23,0x117381c1933893be91779e7d9a68cc53025494b2,0x70617d5c9e3b7f9afb7b7163bdef19cea989374b,,0,0,0,0.000972121646745882,1.10073334061036,1149.81,,,Set Approval For All,
0x9efd9249747eb66cd6108ed526b42be1e1ba43720edc95ab2e8112e99fe37874,15078673,1656972655,2022-07-04 22:10:55,0x8e554d06b63a018dd792250d9266eb57b9c5b245,0x70617d5c9e3b7f9afb7b7163bdef19cea989374b,,0.01,0,11.323,0.00076396065269808,0.865032647050036,1149.81,Error(0),execution reverted,Mint,
0xfd1e6236fac52c986fcab6a0eeb0edbff7fb20f952d58c5eae7afee7b24dbcd4,15078675,1656972709,2022-07-04 22:11:49,0x0e167ebe9b301400ca70b962c684d44fd016000b,0x70617d5c9e3b7f9afb7b7163bdef19cea989374b,,0.01,0,11.323,0.000920051467303072,1.04177427642727,1149.81,Error(0),execution reverted,Mint,
0xdbcaf6bb3e7b8725d35e315794fb9108d2dad09317e578ae5e3f7ff15d4435f7,15078677,1656972736,2022-07-04 22:12:16,0x39ec004c3513df4ac28ca97f1f09280cdbd769cf,0x70617d5c9e3b7f9afb7b7163bdef19cea989374b,,0,0,0,0.001717651202067410,1.94489645610093,1149.81,,,Reveal,
0xc9a5677f1865efcc62f1acc90a35f63dc4a167d6e58d457771da6443de79b7de,15078680,1656972752,2022-07-04 22:12:32,0x39ec004c3513df4ac28ca97f1f09280cdbd769cf,0x70617d5c9e3b7f9afb7b7163bdef19cea989374b,,0,0,0,0.000651608806698892,0.737816651825155,1149.81,Error(0),execution reverted,Reveal,
0x7b6a130935d90e74d7e0a70924cdb2324a3a59fbf1949a59c3e7ee03b4c86c96,15078686,1656972815,2022-07-04 22:13:35,0xa5c01e0235363082e3bae5f5f39848ae5bbe6796,0x70617d5c9e3b7f9afb7b7163bdef19cea989374b,,0,0,0,0.00095578820593281,1.08223898557772,1149.81,,,Set Approval For All,
0x6f4206487900d0f7cbdeb14fa04f1b7d3717afb9993bfb3df54881ca644b3487,15078703,1656973029,2022-07-04 22:17:09,0x30e638483eb1655465d5883e87bcef4405ca230e,0x70617d5c9e3b7f9afb7b7163bdef19cea989374b,,0,0,0,0.00086597658060876,0.980545282223299,1149.81,,,Set Approval For All,
0x0490bf7ac7473117df32d160a716a9ca5ee58a916555e4ba19e60a9186624e85,15078707,1656973074,2022-07-04 22:17:54,0x59dc6d5528ac12c62f579998af7a5b27dadba566,0x70617d5c9e3b7f9afb7b7163bdef19cea989374b,,0.01,0,11.323,0.000496689013338224,0.562400969802871,1149.81,Error(0),execution reverted,Mint,
0x06198b27bd0af5d29e19eb153161fea96005fb9ce311873c3fb2715bd75b91ba,15078712,1656973132,2022-07-04 22:18:52,0x2b1f45dd72b278a829f0d047eb7ed8a64ec80d92,0x70617d5c9e3b7f9afb7b7163bdef19cea989374b,,0,0,0,0.00080184053139903,0.907924033703122,1149.81,,,Set Approval For All,
0xc6a5c7fe6227e3081397b916db4ec72f6692dc07dec01ad9c3b13256441cb07c,15078724,1656973382,2022-07-04 22:23:02,0x2ed3178ab0566b81cae5b504f1a38bc5d18d719c,0x70617d5c9e3b7f9afb7b7163bdef19cea989374b,,0,0,0,0.000997760909006766,1.12976467726836,1149.81,,,Set Approval For All,
0x82e5ff10183569b5a81642c6d8107f46cb8e5992a4513d3e52848d144a3eac87,15078724,1656973382,2022-07-04 22:23:02,0x3e4c14918274306db0ffc77e09f349555e20cc54,0x70617d5c9e3b7f9afb7b7163bdef19cea989374b,,0,0,0,0.000997760909006766,1.12976467726836,1149.81,,,Set Approval For All,
0x076fce7235da9258e1c9b6dcb44db2a786183e917be5ddae8f987795b9e3a39a,15078726,1656973446,2022-07-04 22:24:06,0x117381c1933893be91779e7d9a68cc53025494b2,0x70617d5c9e3b7f9afb7b7163bdef19cea989374b,,0,0,0,0.001607217182900630,1.81985201619838,1149.81,,,Transfer From,
0xe18af2b3ea843fb0f4e0de5c1da0e29ca20432f67405ef6548e93da08103e02a,15078735,1656973569,2022-07-04 22:26:09,0x477336e94655a1fd0b0aa3945f26236f7555fa28,0x70617d5c9e3b7f9afb7b7163bdef19cea989374b,,0,0,0,0.001099417648340590,1.24487060321605,1149.81,,,Set Approval For All,
0x94dae230dd8ecbc237410c117e6871d29e3798d2b381aca590091669cc90acd6,15078735,1656973569,2022-07-04 22:26:09,0x1eefd206849e3f5f30695759608571f2e44260fb,0x70617d5c9e3b7f9afb7b7163bdef19cea989374b,,0,0,0,0.001099417648340590,1.24487060321605,1149.81,,,Set Approval For All,
0xa012a5ff0f8dc09622c83a69a8f24911558e5c3b6c95752ade34f0582d79f014,15078743,1656973642,2022-07-04 22:27:22,0xbdb6506254c639cf8672e0a737ab4e9aaa5a7665,0x70617d5c9e3b7f9afb7b7163bdef19cea989374b,,0,0,0,0.000933991903730124,1.05755903259362,1149.81,,,Set Approval For All,
0xd7b4fc4c2f89c2c269f481638d8a98777b1c105a98281586fad30fd550fa26da,15078744,1656973666,2022-07-04 22:27:46,0x8551b7a38ea1773a7ffb8a66398a4db12e1e6f1b,0x70617d5c9e3b7f9afb7b7163bdef19cea989374b,,0,0,0,0.001026673223696770,1.16250209119185,1149.81,,,Set Approval For All,
0xd68c543cd32b7be6a89a52f47205dd791beabe5df7263186b43779cf2bef569b,15078744,1656973666,2022-07-04 22:27:46,0x1828e447deaae35f42d66c45cf26c53485173244,0x70617d5c9e3b7f9afb7b7163bdef19cea989374b,,0,0,0,0.001369750799583280,1.55096883036814,1149.81,,,Transfer From,
0x3e883a857b585af42438411099a99a506815957dd3435fd6ba262b4e17bacbed,15078752,1656973805,2022-07-04 22:30:05,0x7eb536a2afb9a19d58ffc6c4742ff70137e6ea29,0x70617d5c9e3b7f9afb7b7163bdef19cea989374b,,0,0,0,0.000957945066483528,1.0846811987793,1149.81,,,Set Approval For All,
0x8a27d80db4f65611574f7abafd10afb084d39de16b9f043126b871cb60d51a20,15078764,1656973914,2022-07-04 22:31:54,0x338fcaa43449cffbf856320f6064a0490a9b07dc,0x70617d5c9e3b7f9afb7b7163bdef19cea989374b,,0,0,0,0.00063541209271775,0.719477112584308,1149.81,,,Transfer From,
0x7449da6e2c721df668058b59dd6185a0ed1ca6b0284f33074772187da6dd9609,15078774,1656974046,2022-07-04 22:34:06,0x14d7040c87047700edaec895290267761f5fdc60,0x70617d5c9e3b7f9afb7b7163bdef19cea989374b,,0,0,0,0.00186318,2.109678714,1149.81,,,Safe Transfer From,
0x94f64561cbe3d9a69f235e0d5938867308bb3c84ef7f542c850d913702df12c7,15078774,1656974046,2022-07-04 22:34:06,0xdae6937beefb18c940a8769b1f44955705e4dde4,0x70617d5c9e3b7f9afb7b7163bdef19cea989374b,,0,0,0,0.000718,0.8129914,1149.81,Error(0),execution reverted,Safe Transfer From,
0x979a2be1adc4681d35fd9d6e2db56a52a007427977104e4222398961c18d1410,15078774,1656974046,2022-07-04 22:34:06,0xa972bbc1d0f3577f6986c9a12946710cb1032ea6,0x70617d5c9e3b7f9afb7b7163bdef19cea989374b,,0,0,0,0.000718,0.8129914,1149.81,Error(0),execution reverted,Safe Transfer From,
0x0f551aaf40508aeaad9733edd88738423c0c9abe39ed7d55472fa750ec9c65e8,15078774,1656974046,2022-07-04 22:34:06,0x56ba0ba98e5bcde0f9be312dc88f897536132d81,0x70617d5c9e3b7f9afb7b7163bdef19cea989374b,,0,0,0,0.000718,0.8129914,1149.81,Error(0),execution reverted,Safe Transfer From,
0x4487b13ecd1c053b953cae71c9d42755fd00eab413d47b61a18a1e6f102367d8,15078774,1656974046,2022-07-04 22:34:06,0x14d7040c87047700edaec895290267761f5fdc60,0x70617d5c9e3b7f9afb7b7163bdef19cea989374b,,0,0,0,0.00112698,1.276079454,1149.81,,,Safe Transfer From,
0x4214485e7d56b84a5cc976e0d15b104535073fb36ffaa774a23990884fa95a6e,15078774,1656974046,2022-07-04 22:34:06,0xdae6937beefb18c940a8769b1f44955705e4dde4,0x70617d5c9e3b7f9afb7b7163bdef19cea989374b,,0,0,0,0.000718,0.8129914,1149.81,Error(0),execution reverted,Safe Transfer From,
0xd86a1c1cc536f6d21b801dfb820a7df768bc9d1a72a20b01aaafce37d9f968c9,15078774,1656974046,2022-07-04 22:34:06,0xa972bbc1d0f3577f6986c9a12946710cb1032ea6,0x70617d5c9e3b7f9afb7b7163bdef19cea989374b,,0,0,0,0.000718,0.8129914,1149.81,Error(0),execution reverted,Safe Transfer From,
0x00c3815b3cf9a34418d483020143096ca1e6778ce1cfc511bee0f651bc04d94c,15078774,1656974046,2022-07-04 22:34:06,0x56ba0ba98e5bcde0f9be312dc88f897536132d81,0x70617d5c9e3b7f9afb7b7163bdef19cea989374b,,0,0,0,0.000718,0.8129914,1149.81,Error(0),execution reverted,Safe Transfer From,
0x069476b23c2045eb22f0c8c7f8e037c7ecb621ed50855dc9706bbe9bf600f4c7,15078775,1656974051,2022-07-04 22:34:11,0x8a42f0ab1dcbb65ca290d2b11bd3d88563569070,0x70617d5c9e3b7f9afb7b7163bdef19cea989374b,,0,0,0,0.00152142,1.722703866,1149.81,,,Safe Transfer From,
0xf764e18fd48f8ea0c7f053d9d8bf881c2495e052b1ccfdde4aca813af56b05d0,15078776,1656974054,2022-07-04 22:34:14,0x8a42f0ab1dcbb65ca290d2b11bd3d88563569070,0x70617d5c9e3b7f9afb7b7163bdef19cea989374b,,0,0,0,0.00112722,1.276351206,1149.81,,,Safe Transfer From,
0xcae7fdd54304528b35c200ad00c63e1cfec284659985a0dbcf153330cce40b5d,15078776,1656974054,2022-07-04 22:34:14,0xe4c87cfa1c6bf4bf66d5d14f29470c86a9267f68,0x70617d5c9e3b7f9afb7b7163bdef19cea989374b,,0,0,0,0.00152142,1.722703866,1149.81,,,Safe Transfer From,
0xb2e49fdf64cdc6550799440e700bb781ae607f9121d1b5851339aa4df1c13bf8,15078776,1656974054,2022-07-04 22:34:14,0xe4c87cfa1c6bf4bf66d5d14f29470c86a9267f68,0x70617d5c9e3b7f9afb7b7163bdef19cea989374b,,0,0,0,0.00112722,1.276351206,1149.81,,,Safe Transfer From,
0x4d7f14e9c03f828aafc0910228b91a17b69a6bee72a61dae4255d98ac4c6ee69,15078776,1656974054,2022-07-04 22:34:14,0x6ce94d8ca061736c24736cd510e319b57c415769,0x70617d5c9e3b7f9afb7b7163bdef19cea989374b,,0,0,0,0.00152142,1.722703866,1149.81,,,Safe Transfer From,
0xa3a2e55306deb4bb90613b57aa3f9ce0719a79ae322537a6f5fb49d56d837e6e,15078776,1656974054,2022-07-04 22:34:14,0x6ce94d8ca061736c24736cd510e319b57c415769,0x70617d5c9e3b7f9afb7b7163bdef19cea989374b,,0,0,0,0.00112722,1.276351206,1149.81,,,Safe Transfer From,
0xfa0c0dc5ea18f10878b9a7e86dc5399d81bbb486e67a73c8c8b84b2ff83f678c,15078776,1656974054,2022-07-04 22:34:14,0xcc4ee70b8bc47e91272b88722c8faef45f953f3d,0x70617d5c9e3b7f9afb7b7163bdef19cea989374b,,0,0,0,0.00152142,1.722703866,1149.81,,,Safe Transfer From,
0x54b42a16b59a0d77b2008286c95de129160f3965fe0b34df5c6ba05a17e48cb6,15078776,1656974054,2022-07-04 22:34:14,0xcc4ee70b8bc47e91272b88722c8faef45f953f3d,0x70617d5c9e3b7f9afb7b7163bdef19cea989374b,,0,0,0,0.00112722,1.276351206,1149.81,,,Safe Transfer From,
0x758b222f972e2fb8f17256a8973a2182ac984124036f2c748e68fb62a08af2aa,15078777,1656974064,2022-07-04 22:34:24,0x5ea3806b76997bb770cfa34096c3ca17ce143695,0x70617d5c9e3b7f9afb7b7163bdef19cea989374b,,0,0,0,0.00152142,1.722703866,1149.81,,,Safe Transfer From,
0x818047c5aac0e3a1f6f9212bcfd38fd98157c77479f4242ade26252aff42bfb8,15078777,1656974064,2022-07-04 22:34:24,0x5ea3806b76997bb770cfa34096c3ca17ce143695,0x70617d5c9e3b7f9afb7b7163bdef19cea989374b,,0,0,0,0.00112722,1.276351206,1149.81,,,Safe Transfer From,
0x5b97ba99b7ab7167e8ccb553d41b1d0457f03fc698b01dd6843ba66d3d86660e,15078777,1656974064,2022-07-04 22:34:24,0xc0b248fb0b763cb823da5e9eb84f77067b425b3a,0x70617d5c9e3b7f9afb7b7163bdef19cea989374b,,0,0,0,0.00152142,1.722703866,1149.81,,,Safe Transfer From,
0xd7fbbe2fbe82f5c55f9aa6b283df2b8382162b93db767d74be49671c60791a5a,15078777,1656974064,2022-07-04 22:34:24,0xc0b248fb0b763cb823da5e9eb84f77067b425b3a,0x70617d5c9e3b7f9afb7b7163bdef19cea989374b,,0,0,0,0.00112722,1.276351206,1149.81,,,Safe Transfer From,
0xc9b43d9c962ae459b906f200c7a200092bbe98e5c201909c9bc87cc160968c87,15078777,1656974064,2022-07-04 22:34:24,0x66c431fd18f763343696dd2eb2a0f3c837b64709,0x70617d5c9e3b7f9afb7b7163bdef19cea989374b,,0,0,0,0.00152142,1.722703866,1149.81,,,Safe Transfer From,
0x4934ddbef1f5b827f114338f6a0bd281673911b1255c691bcfa2c23137614ce0,15078777,1656974064,2022-07-04 22:34:24,0x66c431fd18f763343696dd2eb2a0f3c837b64709,0x70617d5c9e3b7f9afb7b7163bdef19cea989374b,,0,0,0,0.00112722,1.276351206,1149.81,,,Safe Transfer From,
0xc85ced0a33420e9e47a0da0ddc3b8cdce0feeb575f43742010fa174a5a7978e7,15078777,1656974064,2022-07-04 22:34:24,0xa5c2bcb61c0b3a4a54afb0e5e0f56e4b345efe1b,0x70617d5c9e3b7f9afb7b7163bdef19cea989374b,,0,0,0,0.00152142,1.722703866,1149.81,,,Safe Transfer From,
0x65c8d0f10ff836d7c7c6644b4be28eca1e4f95bb9c42cd3ca1ee76fb168144c8,15078777,1656974064,2022-07-04 22:34:24,0xa5c2bcb61c0b3a4a54afb0e5e0f56e4b345efe1b,0x70617d5c9e3b7f9afb7b7163bdef19cea989374b,,0,0,0,0.00112722,1.276351206,1149.81,,,Safe Transfer From,
0x535872619cdfe57481b609c82891e6f2b1e56555e893875b3a4b5e9993da55aa,15078777,1656974064,2022-07-04 22:34:24,0xa0313fecea1a9ebdedfc9009aa90a6272156a59f,0x70617d5c9e3b7f9afb7b7163bdef19cea989374b,,0,0,0,0.00152142,1.722703866,1149.81,,,Safe Transfer From,
0x46872847b0808c9c4bfca51ac3becaedc7e81cd1353ae92a75c5dcf3495bb666,15078777,1656974064,2022-07-04 22:34:24,0xa0313fecea1a9ebdedfc9009aa90a6272156a59f,0x70617d5c9e3b7f9afb7b7163bdef19cea989374b,,0,0,0,0.00112722,1.276351206,1149.81,,,Safe Transfer From,
0x20785bd510ba1b40ce14d9ca578c2fd00e801de520f485256443d5c8b114090c,15078823,1656974759,2022-07-04 22:45:59,0xfbf84849894f848fca51f61a72bc1571eaed6731,0x70617d5c9e3b7f9afb7b7163bdef19cea989374b,,0,0,0,0.001017162729871220,1.15173335903318,1149.81,,,Set Approval For All,
0xa791526e3525129645b32a82463d5b686e8a78312a40e98f04aba5d87cc82477,15078832,1656974902,2022-07-04 22:48:22,0xac9a11a8c01b3505cb0290eeaeac4c19607322b4,0x70617d5c9e3b7f9afb7b7163bdef19cea989374b,,0,0,0,0.0013392295465475,1.51640961555573,1149.81,,,Transfer From,
0x014661f6be1b3dc103b622605a87aedce868a903a957dcae15ad5536be641bf6,15078840,1656975012,2022-07-04 22:50:12,0xa2c3617637b821362a24eda49ba2f331c0fe53b3,0x70617d5c9e3b7f9afb7b7163bdef19cea989374b,,0,0,0,0.000870871414344444,0.986087702462214,1149.81,,,Set Approval For All,
0x7af517f63024efbeefd4d38739ccd9d5cdc2608418dd1b014a31aadf097083a3,15078888,1656975662,2022-07-04 23:01:02,0xcbaee65546e92cccfcab22446a51e294254aeb2b,0x70617d5c9e3b7f9afb7b7163bdef19cea989374b,,0,0,0,0.000957901018651902,1.08463132341955,1149.81,,,Set Approval For All,
0x2fe41821f482ea4e877e6090118d1d49abd9eb968caaf864db26642af4a091d6,15078955,1656976513,2022-07-04 23:15:13,0x2a3e0b2d2c85f74f703ad5f89469b62c6879e706,0x70617d5c9e3b7f9afb7b7163bdef19cea989374b,,0,0,0,0.001343004785862340,1.52068431903192,1149.81,,,Set Approval For All,
0xa474e9320793d4e0821c3e4861bb3b628b33cb2c5a6ee2b3256ab87b6d0e544e,15079027,1656977609,2022-07-04 23:33:29,0xa1b787e6265a97b13248e5ea04093162865bf808,0x70617d5c9e3b7f9afb7b7163bdef19cea989374b,,0,0,0,0.00184452725792466,2.08855821414809,1149.81,,,Set Approval For All,
0xaa4129362b94a86ff1709f4a696840fb061bd88dc72bcc5444d330e659a2f6fd,15079084,1656978414,2022-07-04 23:46:54,0xed744b64db443f86f05d41d3cdaf5075a735e792,0x70617d5c9e3b7f9afb7b7163bdef19cea989374b,,0,0,0,0.002490104968955680,2.81954585634851,1149.81,,,Set Approval For All,
0x14eb3f46321f06af95319349f8c156839ed12c570cad719870da02d57f935a09,15079162,1656979528,2022-07-05 00:05:28,0xa90adb941c9d8149d6f0294eb0cb075a1b542fd3,0x70617d5c9e3b7f9afb7b7163bdef19cea989374b,,0,0,0,0.001703532987008950,1.92891040119023,1131.96,,,Set Approval For All,
0x431cd5a14063cfd852bce6df45af7a3f6c1bf694192742da7abbf9324790c4bd,15079318,1656981615,2022-07-05 00:40:15,0xdd05d5f2e9e6a1c50d69d2f4b87785ae91bea47e,0x70617d5c9e3b7f9afb7b7163bdef19cea989374b,,0,0,0,0.000841339649667366,0.952648885318358,1131.96,,,Set Approval For All,
0x8e854ed1030a503baf745c3bf399faeb5098fda1081075572f2e869eed8ad778,15079324,1656981689,2022-07-05 00:41:29,0x02639933dcffc07c0e1274cae61e7160da759b24,0x70617d5c9e3b7f9afb7b7163bdef19cea989374b,,0,0,0,0.000850380820701714,0.962886203280551,1131.96,,,Set Approval For All,
0xa1954530480e8a6b0683ead9d669349def42321be975191b06ea60a71f70645e,15079325,1656981693,2022-07-05 00:41:33,0x11065895c4c25ed56d6303bc8848c068411c8cff,0x70617d5c9e3b7f9afb7b7163bdef19cea989374b,,0,0,0,0.000858808147335192,0.972428465227638,1131.96,,,Set Approval For All,
0x2a7e221ba865a5e8f2118edbd3f78627bda07065877daf4b4f17d1bd8615bd14,15080080,1656991214,2022-07-05 03:20:14,0xeeb3fae739097ad99695b3a9c0eec6dd604d79db,0x70617d5c9e3b7f9afb7b7163bdef19cea989374b,,0,0,0,0.001213824016167890,1.3744129335069,1131.96,,,Transfer From,
0x79bfcdb69ade73c03acc3713b22eaee32aa55e50cb40e13221edac4a5c6f5c2a,15081825,1657015360,2022-07-05 10:02:40,0x4e140b7c76172de5ded6dbf2ed7bd0efb1c25cdd,0x70617d5c9e3b7f9afb7b7163bdef19cea989374b,,0,0,0,0.001184112,1.3407700176,1131.96,,,Set Approval For All,
0xbcf0c20f45dd8161b561eee17122cbed1bdff931885a0701e5e208bc4d9794b0,15082467,1657023503,2022-07-05 12:18:23,0x39ec004c3513df4ac28ca97f1f09280cdbd769cf,0x70617d5c9e3b7f9afb7b7163bdef19cea989374b,,0,0,0,0.00161362123237008,1.82710332141264,1131.96,,,Transfer From,
0x659bbd3a3da5defb67bdaaef6ec52b5c991baeae469460670f72ef6d6b4bd641,15082472,1657023582,2022-07-05 12:19:42,0x39ec004c3513df4ac28ca97f1f09280cdbd769cf,0x70617d5c9e3b7f9afb7b7163bdef19cea989374b,,0,0,0,0.00228980478708936,2.59274596042128,1131.96,,,Transfer From,
0x035889947406e95c809ca789421093abe25b640eb4c7bd149a80b11efe8f193d,15082696,1657026388,2022-07-05 13:06:28,0x73e243d6dca3523c2584cd6152ee156e0357cba5,0x70617d5c9e3b7f9afb7b7163bdef19cea989374b,,0,0,0,0.001552873081590940,1.75831819028542,1131.96,,,Set Approval For All,
0x87ee8ab74d47d3c2fe6eb90d6db95d1ad25da53033433cfa8d19d30c0c6e21bd,15082994,1657030384,2022-07-05 14:13:04,0x695c1e6aadebe5521ef5fea38b7f8434a89333f8,0x70617d5c9e3b7f9afb7b7163bdef19cea989374b,,0,0,0,0.00242998978562375,2.75147743426177,1131.96,,,Transfer From,
0xc2eba133a4ce03a601f284a19025006b2739124e44dfda2974a641e937479a84,15083046,1657031099,2022-07-05 14:24:59,0x80a15cdb60035f96e447392509fac8f9bc63c8bb,0x70617d5c9e3b7f9afb7b7163bdef19cea989374b,,0,0,0,0.007332119400163570,8.30215879680521,1131.96,,,Set Approval For All,
0xb737f25bf4c488513c5acdfc20722dc51fea8b7be9d3ac71545f87183ede15ef,15083052,1657031138,2022-07-05 14:25:38,0x9a16b7f76153683a1f8d034732b00e56ef468adc,0x70617d5c9e3b7f9afb7b7163bdef19cea989374b,,0,0,0,0.004397443946431490,4.97922578054437,1131.96,,,Set Approval For All,
0x131cae64315db8fa0238e6fdf0c41af13b8a10d769b8e6f268d7338684f0d7ca,15083057,1657031176,2022-07-05 14:26:16,0xfaee4108800e13ac5de7faadf83031a262f39945,0x70617d5c9e3b7f9afb7b7163bdef19cea989374b,,0,0,0,0.003023164844733080,3.42312955369126,1131.96,,,Set Approval For All,
0x55d6ee2d1e863c2ec706783222d3ea5430f01e3e3fb451e4f8f6ab0c1af6d579,15083058,1657031185,2022-07-05 14:26:25,0x893ef19b7c39acbf74b4ea429a7abd6294eb12cf,0x70617d5c9e3b7f9afb7b7163bdef19cea989374b,,0,0,0,0.002911798561557100,3.2970295112511,1131.96,,,Set Approval For All,
0x97a8dab481a338a2cfb10be62d58f7ba2a5210a8eabc94d431d5337bee48fe93,15083063,1657031222,2022-07-05 14:27:02,0x36dc0ca6d2b5529ff2df460a1aec01b1f1e31768,0x70617d5c9e3b7f9afb7b7163bdef19cea989374b,,0,0,0,0.002242363797407270,2.53902852780425,1131.96,,,Set Approval For All,
0xe6ab709e431087770352cd3d0e47b02d958d02df293b9515023e1ae14be8a3f8,15083065,1657031245,2022-07-05 14:27:25,0x295aab6060a6f4a63414bac65155f1d3b73f3d0a,0x70617d5c9e3b7f9afb7b7163bdef19cea989374b,,0,0,0,0.002423000950764010,2.74356397655009,1131.96,,,Set Approval For All,
0x9f9408215fdfd383a0d25c4e0e8e6a3f9b52cdc51a2b18d356bd3955a8103ff9,15083068,1657031263,2022-07-05 14:27:43,0x007bead08df370a5ceb341d608128e4250e06d81,0x70617d5c9e3b7f9afb7b7163bdef19cea989374b,,0,0,0,0.002059134590023420,2.33155809628351,1131.96,,,Set Approval For All,
0xe2a97d5466ab317182840deebd655125095917ebfd8f2a5d6c297caa2dee8182,15083070,1657031280,2022-07-05 14:28:00,0x041a7e2bb9b2c7f38d9d39102a509bee9b3aa1b1,0x70617d5c9e3b7f9afb7b7163bdef19cea989374b,,0,0,0,0.001974475335443690,2.23569842232289,1131.96,,,Set Approval For All,
0xc49f815f0a2c7279d6f61b32f44695de6427e979549e0e9d641f7cc9200eb8e3,15083071,1657031300,2022-07-05 14:28:20,0xe3845e7cfb050331640daf67e555f1cf7a497818,0x70617d5c9e3b7f9afb7b7163bdef19cea989374b,,0,0,0,0.00209885999831154,2.37653917608816,1131.96,,,Set Approval For All,
0xb30b232898340968c68375d390ed90a4266ce40d47db5bd4763c7ce359351df2,15083073,1657031319,2022-07-05 14:28:39,0x18977a54f785c7b98c4a9b0c1c3b72fe97ee171e,0x70617d5c9e3b7f9afb7b7163bdef19cea989374b,,0,0,0,0.002013118433886170,2.27945400268931,1131.96,,,Set Approval For All,
0xba6a342f20890cda1676f950c7438b61c67c0bda922e591dc6ee4ca3df3550c5,15083075,1657031331,2022-07-05 14:28:51,0xbf61bdda744038f20945baa544caac35ce9dcbed,0x70617d5c9e3b7f9afb7b7163bdef19cea989374b,,0,0,0,0.001790524943659480,2.02741139370562,1131.96,,,Set Approval For All,
0x73ae82d698d407dade69c7f8cf6b8b027d31bbb53c43e8cb8117db669295bdb1,15083076,1657031360,2022-07-05 14:29:20,0xa733d56ad3a24161b48034b058e500f77bba69ce,0x70617d5c9e3b7f9afb7b7163bdef19cea989374b,,0,0,0,0.002042784554867420,2.31304495147638,1131.96,,,Set Approval For All,
0x8f599ef9df66961d87cc384ba9397ad97cb362fc6a16a5dbd3fbd547bb5f54e9,15083079,1657031384,2022-07-05 14:29:44,0xd35dcbef197c49f1f1ff84e3bf1791d987fc6e2f,0x70617d5c9e3b7f9afb7b7163bdef19cea989374b,,0,0,0,0.001979692279121020,2.24160556764873,1131.96,,,Set Approval For All,
0x3d9e5be8b3a165950ab4ac9a5e4999f890722c73afefa7b313c60f1803b15b60,15083080,1657031404,2022-07-05 14:30:04,0x4d5373f04fad358fa26ea2cb2a08472493cfb089,0x70617d5c9e3b7f9afb7b7163bdef19cea989374b,,0,0,0,0.00207387143361864,2.34824462428639,1131.96,,,Set Approval For All,
0xf7466993dce62bf9764bb0879ccbb415e0d88e66a55cbec475cf954fc37f9af7,15083083,1657031417,2022-07-05 14:30:17,0xe71ce0644a77252f9e0bf3da84bc13fa6072ab4c,0x70617d5c9e3b7f9afb7b7163bdef19cea989374b,,0,0,0,0.001772251696389890,2.00672059582227,1131.96,,,Set Approval For All,
0x2f63c965a0c28dd0379741ffe3362fb7312e901afcaf53a619991e122a21a2f0,15085820,1657068258,2022-07-06 00:44:18,0x1d5e9dc2f753e9cfb525415cb02fdb2c2ac562b6,0x70617d5c9e3b7f9afb7b7163bdef19cea989374b,,0,0,0,0.001634066328546760,1.85025330381349,,,,Set Approval For All,
0x513a6b11270305e48ea1348c55e1a299afae2baea0c29d97030f4be5408f089b,15086309,1657074893,2022-07-06 02:34:53,0xf807f1d0ee1b4ad27c9581f6ad043686f957bbdd,0x70617d5c9e3b7f9afb7b7163bdef19cea989374b,,0,0,0,0.00165322217229597,1.87194346569073,,,,Set Approval For All,